[
  {
    "name": "aws/aws-sdk-go/internal/sync/singleflight",
    "type": "BSD-3-Clause",
    "path": "vendor/github.com/aws/aws-sdk-go/internal/sync/singleflight/LICENSE"
  },
  {
    "name": "flynn/noise",
    "version": "v1.0.0",
    "type": "BSD-3-Clause",
    "path": "vendor/github.com/flynn/noise/LICENSE"
  },
  {
    "name": "godbus/dbus/v5",
    "version": "v5.0.6",
    "type": "BSD-2-Clause",
    "path": "vendor/github.com/godbus/dbus/v5/LICENSE"
  },
  {
    "name": "gogo/protobuf",
    "version": "v1.3.2",
    "type": "BSD-3-Clause",
    "path": "vendor/github.com/gogo/protobuf/LICENSE"
  },
  {
    "name": "golang/protobuf",
    "version": "v1.5.2",
    "type": "BSD-3-Clause",
    "path": "vendor/github.com/golang/protobuf/LICENSE"
  },
  {
    "name": "golang/snappy",
    "version": "v0.0.4",
    "type": "BSD-3-Clause",
    "path": "vendor/github.com/golang/snappy/LICENSE"
  },
  {
    "name": "google/go-cmp/cmp",
    "type": "BSD-3-Clause",
    "path": "vendor/github.com/google/go-cmp/LICENSE"
  },
  {
    "name": "google/gopacket/routing",
    "type": "BSD-3-Clause",
    "path": "vendor/github.com/google/gopacket/LICENSE"
  },
  {
    "name": "google/uuid",
    "version": "v1.3.0",
    "type": "BSD-3-Clause",
    "path": "vendor/github.com/google/uuid/LICENSE"
  },
  {
    "name": "googleapis/gax-go/v2",
    "version": "v2.2.0",
    "type": "BSD-3-Clause",
    "path": "vendor/github.com/googleapis/gax-go/v2/LICENSE"
  },
  {
    "name": "gorilla/websocket",
    "version": "v1.5.0",
    "type": "BSD-2-Clause",
    "path": "vendor/github.com/gorilla/websocket/LICENSE"
  },
  {
    "name": "huin/goupnp",
    "version": "v1.0.2",
    "type": "BSD-2-Clause",
    "path": "vendor/github.com/huin/goupnp/LICENSE"
  },
  {
    "name": "klauspost/compress/internal/snapref",
    "type": "BSD-3-Clause",
    "path": "vendor/github.com/klauspost/compress/internal/snapref/LICENSE"
  },
  {
    "name": "libp2p/go-netroute",
    "version": "v0.2.0",
    "type": "BSD-3-Clause",
    "path": "vendor/github.com/libp2p/go-netroute/LICENSE"
  },
  {
    "name": "marten-seemann/qtls-go1-17",
    "version": "v0.1.0",
    "type": "BSD-3-Clause",
    "path": "vendor/github.com/marten-seemann/qtls-go1-17/LICENSE"
  },
  {
    "name": "marten-seemann/tcp",
    "version": "v0.0.0-20210406111302-dfbc87cc63fd",
    "type": "BSD-2-Clause",
    "path": "vendor/github.com/marten-seemann/tcp/LICENSE"
  },
  {
    "name": "miekg/dns",
    "version": "v1.1.45",
    "type": "BSD-3-Clause",
    "path": "vendor/github.com/miekg/dns/LICENSE"
  },
  {
    "name": "mikioh/tcpinfo",
    "version": "v0.0.0-20190314235526-30a79bb1804b",
    "type": "BSD-2-Clause",
    "path": "vendor/github.com/mikioh/tcpinfo/LICENSE"
  },
  {
    "name": "mikioh/tcpopt",
    "version": "v0.0.0-20190314235656-172688c1accc",
    "type": "BSD-2-Clause",
    "path": "vendor/github.com/mikioh/tcpopt/LICENSE"
  },
  {
    "name": "multiformats/go-base32",
    "version": "v0.0.4",
    "type": "BSD-3-Clause",
    "path": "vendor/github.com/multiformats/go-base32/LICENSE"
  },
  {
    "name": "pbnjay/memory",
    "version": "v0.0.0-20210728143218-7b4eea64cf58",
    "type": "BSD-3-Clause",
    "path": "vendor/github.com/pbnjay/memory/LICENSE"
  },
  {
    "name": "pierrec/lz4",
    "version": "v2.5.2",
    "type": "BSD-3-Clause",
    "path": "vendor/github.com/pierrec/lz4/LICENSE"
  },
  {
    "name": "pmezard/go-difflib/difflib",
    "type": "BSD-3-Clause",
    "path": "vendor/github.com/pmezard/go-difflib/LICENSE"
  },
  {
    "name": "prometheus/common/internal/bitbucket.org/ww/goautoneg",
    "type": "BSD-3-Clause",
    "path": "vendor/github.com/prometheus/common/internal/bitbucket.org/ww/goautoneg/README.txt"
  },
  {
    "name": "spaolacci/murmur3",
    "version": "v1.1.0",
    "type": "BSD-3-Clause",
    "path": "vendor/github.com/spaolacci/murmur3/LICENSE"
  },
  {
    "name": "spf13/pflag",
    "version": "v1.0.5",
    "type": "BSD-3-Clause",
    "path": "vendor/github.com/spf13/pflag/LICENSE"
  },
  {
    "name": "syndtr/goleveldb/leveldb",
    "type": "BSD-2-Clause",
    "path": "vendor/github.com/syndtr/goleveldb/LICENSE"
  },
  {
    "name": "umbracle/go-eth-bn256",
    "version": "v0.0.0-20190607160430-b36caf4e0f6b",
    "type": "BSD-3-Clause",
    "path": "vendor/github.com/umbracle/go-eth-bn256/LICENSE"
  },
  {
    "name": "x/crypto",
    "version": "v0.0.0-20220214200702-86341886e292",
    "type": "BSD-3-Clause",
    "path": "vendor/golang.org/x/crypto/LICENSE"
  },
  {
    "name": "x/net",
    "version": "v0.0.0-20220325170049-de3da57026de",
    "type": "BSD-3-Clause",
    "path": "vendor/golang.org/x/net/LICENSE"
  },
  {
    "name": "x/oauth2",
    "version": "v0.0.0-20220309155454-6242fa91716a",
    "type": "BSD-3-Clause",
    "path": "vendor/golang.org/x/oauth2/LICENSE"
  },
  {
    "name": "x/sync/errgroup",
    "type": "BSD-3-Clause",
    "path": "vendor/golang.org/x/sync/LICENSE"
  },
  {
    "name": "x/sys",
    "version": "v0.0.0-20220328115105-d36c6a25d886",
    "type": "BSD-3-Clause",
    "path": "vendor/golang.org/x/sys/LICENSE"
  },
  {
    "name": "x/text",
    "version": "v0.3.7",
    "type": "BSD-3-Clause",
    "path": "vendor/golang.org/x/text/LICENSE"
  },
  {
    "name": "x/time/rate",
    "type": "BSD-3-Clause",
    "path": "vendor/golang.org/x/time/LICENSE"
  },
  {
    "name": "api",
    "version": "v0.74.0",
    "type": "BSD-3-Clause",
    "path": "vendor/google.golang.org/api/LICENSE"
  },
  {
    "name": "api/internal/third_party/uritemplates",
    "type": "BSD-3-Clause",
    "path": "vendor/google.golang.org/api/internal/third_party/uritemplates/LICENSE"
  },
  {
    "name": "protobuf",
    "version": "v1.28.0",
    "type": "BSD-3-Clause",
    "path": "vendor/google.golang.org/protobuf/LICENSE"
  },
  {
    "name": "square/go-jose.v2/json",
    "type": "BSD-3-Clause",
    "path": "vendor/gopkg.in/square/go-jose.v2/json/LICENSE"
  },
  {
    "name": "libp2p/go-netroute",
    "version": "v0.2.0",
    "type": "BSD-3-Clause",
    "path": "vendor/github.com/libp2p/go-netroute/LICENSE"
  },
  {
    "name": "libp2p/go-sockaddr",
    "version": "v0.1.0",
    "type": "BSD-3-Clause",
    "path": "vendor/github.com/libp2p/go-netroute/LICENSE"
  },
  {
    "name": "pkg/errors",
    "version": "v0.9.1",
    "type": "BSD-2-Clause",
    "path": "vendor/github.com/pkg/errors/LICENSE"
  }
]